{
    "rmse": 0.6845904591791875,
    "mae": 0.5353161670540686,
    "r2": 0.2880082844703491
}