{
    "rmse": 0.6728611920767987,
    "mae": 0.5316646375804632,
    "r2": 0.29225166917292755
}