{
    "rmse": 0.6954361027318605,
    "mae": 0.5489585005336773,
    "r2": 0.2846681795492433
}